{
  "run_name": "active_balanced_replay",
  "status": "complete",
  "git_commit": "3eab0a9a52def3bf26fb221185cd05ebb0967334",
  "parameters": {
    "method": "active_balanced_replay",
    "seed": 42,
    "epochs": 3,
    "batch_size": 16,
    "learning_rate": 0.003,
    "weight_decay": 0.0001,
    "replay_capacity": 64,
    "annotation_budget": 8,
    "gradient_accumulation": 1,
    "mixed_precision": false,
    "max_length": 96,
    "d_model": 48,
    "nhead": 4,
    "num_layers": 1,
    "dim_feedforward": 96,
    "dropout": 0.1
  },
  "metrics": {
    "stage_0_macro_f1": 0.18406593406593408,
    "stage_1_macro_f1": 0.24166666666666664,
    "stage_2_macro_f1": 0.39656862745098037,
    "stage_3_macro_f1": 0.3818694463431306,
    "stage_4_macro_f1": 0.5383921633921633,
    "stage_5_macro_f1": 0.6727028260696991,
    "average_accuracy": 0.285295664983165,
    "average_forgetting": 0.006944444444444445,
    "backward_transfer": 0.09299022736522737
  },
  "hardware": {
    "platform": "Linux-6.17.0-35-generic-x86_64-with-glibc2.39",
    "torch": "2.13.0+cpu",
    "cuda": false
  },
  "training_time_seconds": 0.9763158039995687
}